"Task ID","Difficulty Level","Prompt","Canonical Solution"
"1.1","Easy technical prompt","Find the IXPs' names where the AS with asn 2497 is present.","MATCH (:AS {asn: 2497})-[:MEMBER_OF]->(ixp:IXP) RETURN DISTINCT ixp.name"
"1.2","Easy general prompt","Give me the names of the IXPs where AS2497 is member.","MATCH (:AS {asn: 2497})-[:MEMBER_OF]->(ixp:IXP) RETURN DISTINCT ixp.name"
"2.1","Easy technical prompt","Find the percentage of the population of the Country with country_code 'JP' hosted by the AS with asn 2497.","MATCH (:AS {asn:2497})-[p:POPULATION]-(:Country {country_code:'JP'}) RETURN p.percent"
"2.2","Easy general prompt","Find the percentage of Japan's population in AS2497.","MATCH (:AS {asn:2497})-[p:POPULATION]-(:Country {country_code:'JP'}) RETURN p.percent"
"3.1","Medium technical prompt","For AS with asn 2497 find all rank values and their corresponding Ranking name for Rankings corresponding to Country with country_code 'JP'.","MATCH (:AS  {asn:2497})-[r1:RANK]-(r2:Ranking)--(:Country {country_code:'JP'}) RETURN r1.rank, r2.name"
"3.2","Medium general prompt","Find the rank and the corresponding rankings name for AS2497 in Japan.","MATCH (:AS  {asn:2497})-[r1:RANK]-(r2:Ranking)--(:Country {country_code:'JP'}) RETURN r1.rank, r2.name"
"4.1","Hard technical prompt","Find all the AS nodes that have peer to peer relationship with the AS with asn 2497.","MATCH (:AS {asn:2497})-[:PEERS_WITH {rel: 0}]-(a:AS) RETURN a"
"4.2","Hard general prompt","Which Ases have a settlement-free peering with AS2497?","MATCH (:AS {asn:2497})-[:PEERS_WITH {rel: 0}]-(a:AS) RETURN a"
"5.1","Easy technical prompt","Find all distinct names for the AS with asn 2497.","MATCH (:AS {asn:2497})-[:NAME]-(n:Name) RETURN DISTINCT n.name"
"5.2","Easy general prompt","What are the names of AS2497?","MATCH (:AS {asn:2497})-[:NAME]-(n:Name) RETURN DISTINCT n.name"
"6.1","Easy technical prompt","Find the label of all the tags' corresponding to the AS with asn 2497.","MATCH (:AS {asn:2497})-[:CATEGORIZED]-(t:Tag) RETURN DISTINCT t.label"
"6.2","Easy general prompt","What are the tags for AS2497?","MATCH (:AS {asn:2497})-[:CATEGORIZED]-(t:Tag) RETURN DISTINCT t.label"
"7.1","Easy technical prompt","Find the label of all the tags for the Prefix with prefix 43.249.213.0/24.","MATCH (:Prefix {prefix: '43.249.213.0/24'})-[:CATEGORIZED]-(t:Tag) RETURN DISTINCT t.label"
"7.2","Easy general prompt","What are the tags for 43.249.213.0/24?","MATCH (:Prefix {prefix: '43.249.213.0/24'})-[:CATEGORIZED]-(t:Tag) RETURN DISTINCT t.label"
"8.1","Medium technical prompt","Find the rank value for AS with asn 2497 in the Ranking with name 'CAIDA ASRank'.","MATCH (:AS  {asn:2497})-[r:RANK]-(:Ranking {name:'CAIDA ASRank'}) RETURN r.rank"
"8.2","Medium general prompt","What is the rank for AS2497 in CAIDA ASRank?","MATCH (:AS  {asn:2497})-[r:RANK]-(:Ranking {name:'CAIDA ASRank'}) RETURN r.rank"
"9.1","Medium technical prompt","Find the rank value for DomainName with name 'google.com' in the Ranking with name 'Cisco Umbrella Top 1 million'.","MATCH (:DomainName {name: 'google.com'})-[r:RANK]-(:Ranking {name:'Cisco Umbrella Top 1 million'}) RETURN r.rank"
"9.2","Medium general prompt","What is the rank for google.com in Cisco Umbrella Top 1 million?","MATCH (:DomainName {name: 'google.com'})-[r:RANK]-(:Ranking {name:'Cisco Umbrella Top 1 million'}) RETURN r.rank"
"10.1","Medium technical prompt","Find the rank value for HostName with name 'www.google.com' in the Ranking with name 'Cisco Umbrella Top 1 million'.","MATCH (:HostName {name: 'www.google.com'})-[r:RANK]-(:Ranking {name:'Cisco Umbrella Top 1 million'}) RETURN r.rank"
"10.2","Medium general prompt","What is the rank for www.google.com in Cisco Umbrella Top 1 million?","MATCH (:HostName {name: 'www.google.com'})-[r:RANK]-(:Ranking {name:'Cisco Umbrella Top 1 million'}) RETURN r.rank"
"11.1","Easy technical prompt","Find distinct labels for the tags corresponding to the URL with url 'https://www.flipkart.com/'.","MATCH (:URL {url: 'https://www.flipkart.com/'})-[:CATEGORIZED]->(t:Tag) RETURN DISTINCT t.label"
"11.2","Easy general prompt","What are the tags for https://www.flipkart.com/?","MATCH (:URL {url: 'https://www.flipkart.com/'})-[:CATEGORIZED]->(t:Tag) RETURN DISTINCT t.label"
"12.1","Hard technical prompt","Find the QUERIED_FROM's value for the DomainName with name 'google.com' and the Country with country_code 'US'.","MATCH (:DomainName {name: 'google.com'})-[q:QUERIED_FROM]->(:Country {country_code: 'US'}) RETURN q.value"
"12.2","Hard general prompt","What is the proportion of queries for google.com from the US?","MATCH (:DomainName {name: 'google.com'})-[q:QUERIED_FROM]->(:Country {country_code: 'US'}) RETURN q.value"
"13.1","Hard technical prompt","Find the QUERIED_FROM's value for the DomainName with name 'google.com' from the AS with asn 577.","MATCH (:DomainName {name: 'google.com'})-[q:QUERIED_FROM]->(a:AS {asn: 577}) RETURN q.value"
"13.2","Hard general prompt","What is the proportion of queries for google.com from AS577?","MATCH (:DomainName {name: 'google.com'})-[q:QUERIED_FROM]->(a:AS {asn: 577}) RETURN q.value"
"14.1","Easy technical prompt","Find the distinct asn for ASes corresponding to the Name with name 'IIJ'.","MATCH (a:AS)-[:NAME]-(:Name {name: 'IIJ'}) RETURN DISTINCT a.asn"
"14.2","Easy general prompt","What is IIJ's ASN?","MATCH (a:AS)-[:NAME]-(:Name {name: 'IIJ'}) RETURN DISTINCT a.asn"
"15.1","Medium technical prompt","Find the distinct name of AuthoritativeNameServer that manage the DomainName with name 'jp'.","MATCH (:DomainName {name: 'jp'})-[:MANAGED_BY]->(a:AuthoritativeNameServer) RETURN DISTINCT a.name"
"15.2","Medium general prompt","What are the authoritative nameservers for the .jp domain?","MATCH (:DomainName {name: 'jp'})-[:MANAGED_BY]->(a:AuthoritativeNameServer) RETURN DISTINCT a.name"
"16.1","Easy technical prompt","Find the name of the AuthoritativeNameServer that resolves to the IP with ip 203.119.1.1.","MATCH (a:AuthoritativeNameServer)-[:RESOLVES_TO]->(:IP {ip: '203.119.1.1'}) RETURN DISTINCT a.name"
"16.2","Easy general prompt","Which authoritative name server has the IP address 203.119.1.1?","MATCH (a:AuthoritativeNameServer)-[:RESOLVES_TO]->(:IP {ip: '203.119.1.1'}) RETURN DISTINCT a.name"
"17.1","Hard technical prompt","AS with asn 2907 depends on AS with asn 2497, find the hege values between them.","MATCH (:AS {asn: 2907})-[d:DEPENDS_ON]-(:AS {asn: 2497}) RETURN d.hege"
"17.2","Hard general prompt","What is the AS hegemony value between AS2907 and AS2497.","MATCH (:AS {asn: 2907})-[d:DEPENDS_ON]-(:AS {asn: 2497}) RETURN d.hege"
"18.1","Medium technical prompt","Find the asn of the AS which has rank 1 for Japan (Country with country_code 'JP') according to the Ranking with name 'IHR country ranking: Total AS (JP)'.","MATCH (a:AS)-[r:RANK]->(:Ranking {name: 'IHR country ranking: Total AS (JP)'})-[:COUNTRY]->(:Country {country_code: 'JP'}) RETURN a.asn ORDER BY r.hege DESC LIMIT 1"
"18.2","Medium general prompt","Which AS ranks the highest for Japan in terms of ASes?","MATCH (a:AS)-[r:RANK]->(:Ranking {name: 'IHR country ranking: Total AS (JP)'})-[:COUNTRY]->(:Country {country_code: 'JP'}) RETURN a.asn ORDER BY r.hege DESC LIMIT 1"
"19.1","Easy technical prompt","Find the prefix of Prefix nodes that originate from AS with asn 2497.","MATCH (p:Prefix)<-[:ORIGINATE]-(:AS {asn: 2497}) RETURN p.prefix"
"19.2","Easy general prompt","Which prefixes AS2497 is orginating in BGP?","MATCH (p:Prefix)<-[:ORIGINATE]-(:AS {asn: 2497}) RETURN p.prefix"
"20.1","Easy technical prompt","Find the distinct prefix of Prefix nodes that depends on the AS with asn 2497.","MATCH (p:Prefix)-[:DEPENDS_ON]->(:AS {asn: 2497}) RETURN DISTINCT p.prefix"
"20.2","Easy general prompt","Which prefixes are depending on AS2497?","MATCH (p:Prefix)-[:DEPENDS_ON]->(:AS {asn: 2497}) RETURN DISTINCT p.prefix"
"21.1","Medium technical prompt","Find the distinct prefix of Prefix nodes that are categorized with Tag with label 'RPKI Valid'.","MATCH (p:Prefix)-[:CATEGORIZED]->(:Tag {label: 'RPKI Valid'}) RETURN DISTINCT p.prefix"
"21.2","Medium general prompt","Find all RPKI valid prefixes?","MATCH (p:Prefix)-[:CATEGORIZED]->(:Tag {label: 'RPKI Valid'}) RETURN DISTINCT p.prefix"
"22.1","Easy technical prompt","Find the distinct prefix of Prefix related to Country with country_code 'JP'.","MATCH (p:Prefix)-[:COUNTRY]->(:Country {country_code: 'JP'}) RETURN DISTINCT p.prefix"
"22.2","Easy general prompt","Give me all prefixes in Japan.","MATCH (p:Prefix)-[:COUNTRY]->(:Country {country_code: 'JP'}) RETURN DISTINCT p.prefix"
"23.1","Easy technical prompt","Find all AS sibling of the AS with asn 2497. Return only the asn.","MATCH (:AS {asn: 2497})-[:SIBLING_OF]->(a:AS) RETURN a.asn"
"23.2","Easy general prompt","Find AS2497's sibling ASNs.","MATCH (:AS {asn: 2497})-[:SIBLING_OF]->(a:AS) RETURN a.asn"
"24.1","Easy technical prompt","Find the distinct ip of IP nodes for which HostName with name 'google.com' resolves to.","MATCH (:HostName {name: 'google.com'})-[:RESOLVES_TO]->(i:IP) RETURN DISTINCT i.ip"
"24.2","Easy general prompt","What are the IP addresses for google.com?","MATCH (:HostName {name: 'google.com'})-[:RESOLVES_TO]->(i:IP) RETURN DISTINCT i.ip"
"25.1","Easy technical prompt","Find the asn of the AS which is the target of the AtlasMeasurement with id 17635549.","MATCH (:AtlasMeasurement {id: 17635549})-[:TARGET]->(a:AS) RETURN a.asn"
"25.2","Easy general prompt","What is the ASN targeted by Atlas measurement 17635549?","MATCH (:AtlasMeasurement {id: 17635549})-[:TARGET]->(a:AS) RETURN a.asn"
"26.1","Easy technical prompt","Find the name of the HostName node which is the target of the AtlasMeasurement with id 17635549.","MATCH (:AtlasMeasurement {id: 17635549})-[:TARGET]->(h:HostName) RETURN h.name"
"26.2","Easy general prompt","What is the target hostname for Atlas measurement 17635549?","MATCH (:AtlasMeasurement {id: 17635549})-[:TARGET]->(h:HostName) RETURN h.name"
"27.1","Easy technical prompt","Find the ip of the IP node which is the target of AtlasMeasurement with id 17635549.","MATCH (:AtlasMeasurement {id: 17635549})-[:TARGET]->(i:IP) RETURN i.ip"
"27.2","Easy general prompt","What is the target IP address for Atlas measurement 17635549?","MATCH (:AtlasMeasurement {id: 17635549})-[:TARGET]->(i:IP) RETURN i.ip"
"28.1","Easy technical prompt","Find the id of the OpaqueID corresponding to Prefix with prefix 102.209.224.0/21. Return only the OpaqueID's id.","MATCH (:Prefix {prefix: '102.209.224.0/21'})-[:AVAILABLE]->(o:OpaqueID) RETURN o.id"
"28.2","Easy general prompt","What is the opaque id for 102.209.224.0/21?","MATCH (:Prefix {prefix: '102.209.224.0/21'})-[:AVAILABLE]->(o:OpaqueID) RETURN o.id"
"29.1","Easy technical prompt","Find all the distinct Tag's labels that categorize the AS with asn 2497.","MATCH (:AS {asn:2497})-[:CATEGORIZED]-(t:Tag) RETURN DISTINCT t.label"
"29.2","Easy general prompt","Find all tags for AS2497.","MATCH (:AS {asn:2497})-[:CATEGORIZED]-(t:Tag) RETURN DISTINCT t.label"
"30.1","Easy technical prompt","From the Ranking with name 'Tranco top 1M' find the name of the DomainName that is ranked first.","MATCH (d:DomainName)-[:RANK {rank: 1}]->(:Ranking {name: 'Tranco top 1M'}) RETURN d.name"
"30.2","Easy general prompt","What is the first domain name in 'Tranco top 1M'?","MATCH (d:DomainName)-[:RANK {rank: 1}]->(:Ranking {name: 'Tranco top 1M'}) RETURN d.name"
"31.1","Easy technical prompt","Find population Estimate value for Country Japan with country_code 'JP'.","MATCH (:Country {country_code: 'JP'})-[p:POPULATION]-(:Estimate) RETURN p.value"
"31.2","Easy general prompt","What is Japan's estimated population?","MATCH (:Country {country_code: 'JP'})-[p:POPULATION]-(:Estimate) RETURN p.value"
"32.1","Medium technical prompt","Find the number of AS in Country with country_code 'CN' and 'HK'.","MATCH (a:AS)-[:COUNTRY]-(cc:Country) WHERE cc.country_code = 'CN' OR cc.country_code = 'HK' WITH cc.country_code AS code, count(DISTINCT a) AS c RETURN c"
"32.2","Medium general prompt","What is the number of ASes registered in China and Hong Kong?","MATCH (a:AS)-[:COUNTRY]-(cc:Country) WHERE cc.country_code = 'CN' OR cc.country_code = 'HK' WITH cc.country_code AS code, count(DISTINCT a) AS c RETURN c"
"33.1","Medium technical prompt","Find the total number of  AS in Country with country_code 'CN' that also orignate Prefixes.","MATCH (:Country {country_code: 'CN'})-[:COUNTRY]-(as:AS)-[:ORIGINATE]-(:Prefix) RETURN count(DISTINCT as) AS totalASWithPrefix"
"33.2","Medium general prompt","What is the number of Chinese ASes that originate prefixes in BGP?","MATCH (:Country {country_code: 'CN'})-[:COUNTRY]-(as:AS)-[:ORIGINATE]-(:Prefix) RETURN count(DISTINCT as) AS totalASWithPrefix"
"34.1","Easy technical prompt","Find all Facilities where AS with asn 4134 and AS with asn 23764 are located in.","MATCH (a:AS)-[:LOCATED_IN]-(fac:Facility)-[:LOCATED_IN]-(b:AS) WHERE a.asn = 4134 AND b.asn = 23764 RETURN fac"
"34.2","Easy general prompt","Find the common facilities between AS4134 and AS23764.","MATCH (a:AS)-[:LOCATED_IN]-(fac:Facility)-[:LOCATED_IN]-(b:AS) WHERE a.asn = 4134 AND b.asn = 23764 RETURN fac"
"35.1","Medium technical prompt","Find the distinct country_code of Country where for Facilities where both AS with asn 4134 and AS with asn 23764 are located.","MATCH (a:AS)-[:LOCATED_IN]-(fac:Facility)-[:LOCATED_IN]-(b:AS) WHERE a.asn = 4134 AND b.asn = 23764 MATCH (fac)-[:COUNTRY]-(c:Country) RETURN DISTINCT c.country_code"
"35.2","Medium general prompt","Find the country codes for all the common facilities between AS4134 and AS23764.","MATCH (a:AS)-[:LOCATED_IN]-(fac:Facility)-[:LOCATED_IN]-(b:AS) WHERE a.asn = 4134 AND b.asn = 23764 MATCH (fac)-[:COUNTRY]-(c:Country) RETURN DISTINCT c.country_code"
"36.1","Hard technical prompt","Find all ASes corresponding to the OpaqueID of AS with asn 4134 and AS with asn 23764. Then find the Country for facilities where all these ASes are. Return the distinct country_code and the corresponding list of ASes.","MATCH (a:AS)-[:ASSIGNED]-(oid:OpaqueID) WHERE a.asn IN [4134, 23764] WITH oid MATCH (oid)--(other:AS)--(fac:Facility)--(cc:Country) RETURN DISTINCT cc.country_code, collect(DISTINCT other.asn)"
"36.2","Hard general prompt","Find the country codes of facilities where for all ASes that correspond to the OpaqueID's of AS4134 and AS23764. Return the distinct country_code and the corresponding list of ASes.","MATCH (a:AS)-[:ASSIGNED]-(oid:OpaqueID) WHERE a.asn IN [4134, 23764] WITH oid MATCH (oid)--(other:AS)--(fac:Facility)--(cc:Country) RETURN DISTINCT cc.country_code, collect(DISTINCT other.asn)"
"37.1","Medium technical prompt","Find all nodes that have relationships to the Prefix with prefix 8.8.8.0/24. Do not take into account the direction of the relationships.","MATCH (gdns:Prefix {prefix:'8.8.8.0/24'})--(neighbor) RETURN neighbor"
"37.2","Medium general prompt","Return everything that is related with 8.8.8.0/24.","MATCH (gdns:Prefix {prefix:'8.8.8.0/24'})--(neighbor) RETURN neighbor"
"38.1","Easy technical prompt","Find the Country connected (reference_name 'nro.delegated_stats') with AS with asn 2497.","MATCH (iij:AS {asn:2497})-[{reference_name:'nro.delegated_stats'}]-(cc:Country) RETURN cc"
"38.2","Easy general prompt","In which country is AS2497 registered in the delegated stats?","MATCH (iij:AS {asn:2497})-[{reference_name:'nro.delegated_stats'}]-(cc:Country) RETURN cc"
"39.1","Medium technical prompt","Find the IXP where AS with asn 2497 is member of and then the Country corresponding to these IXP.","MATCH (iij:AS {asn:2497})-[:MEMBER_OF]-(ix:IXP)--(cc:Country) RETURN ix, cc"
"39.2","Medium general prompt","Which IXPs and corresponding countries is AS2497 member of?","MATCH (iij:AS {asn:2497})-[:MEMBER_OF]-(ix:IXP)--(cc:Country) RETURN ix, cc"
"40.1","Hard technical prompt","Find all the DomainName nodes ranked in top 50000 that resolves to an IP that is part of a prefix originated by the AS with asn 2497.","MATCH (:Ranking)-[r:RANK]-(dn:DomainName)--(:HostName)--(ip:IP)--(pfx:Prefix)-[:ORIGINATE]-(iij:AS {asn:2497}) WHERE r.rank < 50000 RETURN dn"
"40.2","Hard general prompt","Retrieve the top 50000 domain names associated with the IP addresses announce by AS2497.","MATCH (:Ranking)-[r:RANK]-(dn:DomainName)--(:HostName)--(ip:IP)--(pfx:Prefix)-[:ORIGINATE]-(iij:AS {asn:2497}) WHERE r.rank < 50000 RETURN dn"
"41.1","Medium technical prompt","Find all the Facility nodes located in Country with country_code 'CN' or 'HK' and count the number of ASes located in these facilities. Return the facility name and the number of ASes.","MATCH (c:Country)--(f:Facility)--(a:AS) WHERE c.country_code = 'CN' OR c.country_code = 'HK' RETURN f.name, count(DISTINCT a) AS nb_as ORDER BY nb_as DESC"
"41.2","Medium general prompt","Count the number of ASes for each facility in China and Hong Kong.","MATCH (c:Country)--(f:Facility)--(a:AS) WHERE c.country_code = 'CN' OR c.country_code = 'HK' RETURN f.name, count(DISTINCT a) AS nb_as ORDER BY nb_as DESC"
"42.1","Medium technical prompt","Find ASes for which the Country given by NRO has country_code 'CN' and return all the Facility nodes where these ASes are located in.","MATCH (net_country:Country)-[:COUNTRY {reference_org:'NRO'}]-(net:AS)-[:LOCATED_IN]-(fac:Facility) WHERE net_country.country_code = 'CN' RETURN fac"
"42.2","Medium general prompt","Find all the facilities where Chinese ASes are.","MATCH (net_country:Country)-[:COUNTRY {reference_org:'NRO'}]-(net:AS)-[:LOCATED_IN]-(fac:Facility) WHERE net_country.country_code = 'CN' RETURN fac"
"43.1","Easy technical prompt","Find all the AS nodes that are located in Facility nodes linked to Country nodes with country_code 'CN' or 'HK'.","MATCH (net:AS)-[:LOCATED_IN]-(fac:Facility)--(fac_country:Country) WHERE fac_country.country_code = 'HK' OR fac_country.country_code = 'CN' RETURN net"
"43.2","Easy general prompt","Retrieve all the ASes that are located in facilities in China or Hong Kong.","MATCH (net:AS)-[:LOCATED_IN]-(fac:Facility)--(fac_country:Country) WHERE fac_country.country_code = 'HK' OR fac_country.country_code = 'CN' RETURN net"
"44.1","Medium technical prompt","Find the country_code for the Prefix nodes that are originated by AS nodes located in Country with country_code 'CN'.","MATCH (net_country:Country)-[:COUNTRY]-(net:AS)-[:ORIGINATE]-(pfx:Prefix)-[:COUNTRY]-(pfx_country:Country) WHERE net_country.country_code = 'CN' RETURN pfx_country.country_code"
"44.2","Medium general prompt","Get the country code of prefixes announced by Chinese ASes.","MATCH (net_country:Country)-[:COUNTRY]-(net:AS)-[:ORIGINATE]-(pfx:Prefix)-[:COUNTRY]-(pfx_country:Country) WHERE net_country.country_code = 'CN' RETURN pfx_country.country_code"
"45.1","Medium technical prompt","Find the country_code of Country nodes related to the Prefix nodes that originated from AS nodes located in Country with country_code 'HK'.","MATCH (net_country:Country)-[:COUNTRY]-(net:AS)-[:ORIGINATE]-(pfx:Prefix)-[:COUNTRY]-(pfx_country:Country) WHERE net_country.country_code = 'HK' RETURN pfx_country.country_code"
"45.2","Medium general prompt","Get the country code of prefixes announced by ASes of Hong Kong.","MATCH (net_country:Country)-[:COUNTRY]-(net:AS)-[:ORIGINATE]-(pfx:Prefix)-[:COUNTRY]-(pfx_country:Country) WHERE net_country.country_code = 'HK' RETURN pfx_country.country_code"
"46.1","Medium technical prompt","Find the asn of the AS with the largest number of Prefix nodes located in Country with country_code 'CN' or 'HK'.","MATCH (pfx_country:Country)-[:COUNTRY]-(pfx:Prefix)-[:ORIGINATE]-(net:AS) WHERE pfx_country.country_code = 'HK' OR pfx_country.country_code = 'CN' WITH net, COUNT(distinct pfx) as nb_pfx RETURN net.asn ORDER BY nb_pfx DESC LIMIT 1"
"46.2","Medium general prompt","Get the As with the largest number of prefixes in China or Hong Kong.","MATCH (pfx_country:Country)-[:COUNTRY]-(pfx:Prefix)-[:ORIGINATE]-(net:AS) WHERE pfx_country.country_code = 'HK' OR pfx_country.country_code = 'CN' WITH net, COUNT(distinct pfx) as nb_pfx RETURN net.asn ORDER BY nb_pfx DESC LIMIT 1"
"47.1","Medium technical prompt","Find all the corresponding IP nodes, Prefix nodes and AS nodes for all the HostName nodes which name ends with '.cn' and that are ranked below 10000.","MATCH (:Ranking)-[r:RANK]-(dn:HostName)--(ip:IP)--(pfx:Prefix)-[:ORIGINATE]-(net:AS) WHERE dn.name ENDS WITH '.cn' AND r.rank<10000 RETURN ip, pfx, net"
"47.2","Medium general prompt","Get the IP, prefix, and ASes for the hostname ending with .cn and ranked below 10000.","MATCH (:Ranking)-[r:RANK]-(dn:HostName)--(ip:IP)--(pfx:Prefix)-[:ORIGINATE]-(net:AS) WHERE dn.name ENDS WITH '.cn' AND r.rank<10000 RETURN ip, pfx, net"
"48.1","Medium technical prompt","Find the AS nodes for which prefixes have IP addresses that resolves to HostName nodes with name ending with '.cn' and that have a rank below 1000000. Return the asn of the AS and the total number of distinct HostName nodes.","MATCH (:Ranking)-[r:RANK]-(dn:HostName)--(ip:IP)--(pfx:Prefix)-[:ORIGINATE]-(net:AS) WHERE dn.name ENDS WITH '.cn' AND r.rank<100000 RETURN net.asn,  count(DISTINCT dn) AS nb_domain_name"
"48.2","Medium general prompt","Find the ASN and number of hostname for hostnames ending with .cn and ranked in the top 100k.","MATCH (:Ranking)-[r:RANK]-(dn:HostName)--(ip:IP)--(pfx:Prefix)-[:ORIGINATE]-(net:AS) WHERE dn.name ENDS WITH '.cn' AND r.rank<100000 RETURN net.asn,  count(DISTINCT dn) AS nb_domain_name"
"49.1","Easy technical prompt","Find the name of Name nodes directly connected to the node corresponding to AS node with asn 2497.","MATCH (a:AS {asn:2497})--(n:Name) RETURN n.name"
"49.2","Easy general prompt","Find all the names of AS2497.","MATCH (a:AS {asn:2497})--(n:Name) RETURN n.name"
"50.1","Easy technical prompt","Find nodes of any type that are connected to the node corresponding to Prefix '8.8.8.0/24'.","MATCH (gdns:Prefix {prefix:'8.8.8.0/24'})--(neighbor) RETURN neighbor"
"50.2","Easy general prompt","Get everything related to prefix '8.8.8.0/24'.","MATCH (gdns:Prefix {prefix:'8.8.8.0/24'})--(neighbor) RETURN neighbor"
"51.1","Easy technical prompt","Get the Country node directly connected to AS with asn 2497 by a relationship with reference_name 'nro.delegated_stats'.","MATCH (iij:AS {asn:2497})-[{reference_name:'nro.delegated_stats'}]-(cc:Country) RETURN cc"
"51.2","Easy general prompt","Find the country of AS2497 in the NRO's delegated stats.","MATCH (iij:AS {asn:2497})-[{reference_name:'nro.delegated_stats'}]-(cc:Country) RETURN cc"
"52.1","Easy technical prompt","Find IXP nodes related to the AS node with asn 2497, and then the Country node corresponding to each IXP node.","MATCH (iij:AS {asn:2497})-[:MEMBER_OF]-(ix:IXP)--(cc:Country) RETURN ix, cc"
"52.2","Easy general prompt","Get the IXPs where AS2497 is present and corresponding countries.","MATCH (iij:AS {asn:2497})-[:MEMBER_OF]-(ix:IXP)--(cc:Country) RETURN ix, cc"
"53.1","Medium technical prompt","Select the HostName nodes in top 50k rankings that resolves to an IP node that belong to a prefix originated by AS with asn 15169.","MATCH (:Ranking)-[r:RANK]-(dn:HostName)--(ip:IP)-[:PART_OF]-(pfx:Prefix)-[:ORIGINATE]-(google:AS {asn:15169}) WHERE r.rank < 50000 RETURN dn"
"53.2","Medium general prompt","Get the hostnames hosted by Google that are in the top 50k.","MATCH (:Ranking)-[r:RANK]-(dn:HostName)--(ip:IP)-[:PART_OF]-(pfx:Prefix)-[:ORIGINATE]-(google:AS {asn:15169}) WHERE r.rank < 50000 RETURN dn"
"54.1","Medium technical prompt","From the top 10k HostName nodes select HostName nodes that ends with '.jp' and return the corresponding IP nodes, Prefix nodes, and AS nodes.","MATCH (:Ranking)-[r:RANK]-(dn:HostName)--(ip:IP)--(pfx:Prefix)-[:ORIGINATE]-(net:AS) WHERE dn.name ENDS WITH '.jp' AND r.rank<10000 RETURN ip, pfx, net"
"54.2","Medium general prompt","Give the IP, prefix, and AS nodes corresponding to the top 10k hostnames in Japan.","MATCH (:Ranking)-[r:RANK]-(dn:HostName)--(ip:IP)--(pfx:Prefix)-[:ORIGINATE]-(net:AS) WHERE dn.name ENDS WITH '.jp' AND r.rank<10000 RETURN ip, pfx, net"
"55.1","Medium technical prompt","Select from Ranking with name 'IHR country ranking: Total AS (IR)' the top 20 Ases, return the Ases and their PEER_WITH relationships.","MATCH (a:AS)-[ra:RANK]->(:Ranking {name: 'IHR country ranking: Total AS (IR)'})<-[rb:RANK]-(b:AS)-[p:PEERS_WITH]-(a) WHERE ra.rank < 20 AND rb.rank < 20 AND p.rel = 0 RETURN a, p, b"
"55.2","Medium general prompt","Retrieve the AS topology for IHR's top 20 ASes in Iran.","MATCH (a:AS)-[ra:RANK]->(:Ranking {name: 'IHR country ranking: Total AS (IR)'})<-[rb:RANK]-(b:AS)-[p:PEERS_WITH]-(a) WHERE ra.rank < 20 AND rb.rank < 20 AND p.rel = 0 RETURN a, p, b"
"56.1","Hard technical prompt","Select the  AS nodes that AS node with asn 2501 depends on and return the shortest path using PEERS_WITH relationships to these AS2501 to these AS nodes.","MATCH (a:AS {asn:2501})-[h:DEPENDS_ON {af:4}]->(d:AS) WITH a, COLLECT(DISTINCT d) AS dependencies UNWIND dependencies as d MATCH p = allShortestPaths((a)-[:PEERS_WITH*]-(d)) WHERE a.asn <> d.asn AND all(r IN relationships(p) WHERE r.af = 4) AND all(n IN nodes(p) WHERE n IN dependencies) RETURN p"
"56.2","Hard general prompt","Retrieve the peerings between AS2501 and its dependencies.","MATCH (a:AS {asn:2501})-[h:DEPENDS_ON {af:4}]->(d:AS) WITH a, COLLECT(DISTINCT d) AS dependencies UNWIND dependencies as d MATCH p = allShortestPaths((a)-[:PEERS_WITH*]-(d)) WHERE a.asn <> d.asn AND all(r IN relationships(p) WHERE r.af = 4) AND all(n IN nodes(p) WHERE n IN dependencies) RETURN p"
"57.1","Easy technical prompt","Find the Country of IXPs where AS node with asn 2497 is member of. Return the country and ixp nodes.","MATCH (iij:AS {asn:2497})-[:MEMBER_OF]-(ix:IXP)--(cc:Country) RETURN ix, cc"
"57.2","Easy general prompt","Find the IXPs and corresponding countries where AS2497 is member of.","MATCH (iij:AS {asn:2497})-[:MEMBER_OF]-(ix:IXP)--(cc:Country) RETURN ix, cc"
"58.1","Easy technical prompt","Find the Country of the Facility where AS node with asn 2497 is located. Return both the Facility and Country nodes.","MATCH (iij:AS {asn:2497})--(ix:Facility)--(cc:Country) RETURN ix, cc"
"58.2","Easy general prompt","Find the co-location facilities and corresponding countries where AS2497 is located.","MATCH (iij:AS {asn:2497})--(ix:Facility)--(cc:Country) RETURN ix, cc"
"59.1","Easy technical prompt","Find the Country of the Prefixes originated by AS node with asn 2497. Return the country and prefixes nodes.","MATCH (iij:AS {asn:2497})-[:ORIGINATE]-(pfx:Prefix)--(cc:Country) RETURN pfx, cc"
"59.2","Easy general prompt","Get the geolocation for each pefix announced by AS2497.","MATCH (iij:AS {asn:2497})-[:ORIGINATE]-(pfx:Prefix)--(cc:Country) RETURN pfx, cc"
"60.1","Medium technical prompt","Find the Prefix nodes that originate from ASes that depends on AS node with asn 2497 and the corresponding Country nodes.","MATCH (iij:AS {asn:2497})<-[:DEPENDS_ON]-(customer:AS)-[:ORIGINATE]-(pfx:Prefix)--(cc:Country) RETURN pfx, cc"
"60.2","Medium general prompt","Give me the geolocation for each pefixes announced by AS2497's dependencies.","MATCH (iij:AS {asn:2497})<-[:DEPENDS_ON]-(customer:AS)-[:ORIGINATE]-(pfx:Prefix)--(cc:Country) RETURN pfx, cc"
"61.1","Medium technical prompt","Find the Country nodes of the Prefix nodes originated by the AS that depends on the AS node with asn 2497. Return the country_code value of these Country nodes.","MATCH (iij:AS {asn:2497})<-[dep:DEPENDS_ON]-(customer:AS)-[:ORIGINATE]-(pfx:Prefix)--(cc:Country) RETURN cc.country_code, count(DISTINCT customer) AS nb_dep ORDER BY nb_dep DESC"
"61.2","Medium general prompt","Return the country code corresponding to prefixes announced by ASes that depends on AS2497.","MATCH (iij:AS {asn:2497})<-[dep:DEPENDS_ON]-(customer:AS)-[:ORIGINATE]-(pfx:Prefix)--(cc:Country) RETURN cc.country_code, count(DISTINCT customer) AS nb_dep ORDER BY nb_dep DESC"
"62.1","Medium technical prompt","Find the DomainName nodes that are ranked in the top 10k and have Prefix nodes originating from the AS node with asn 2497. Return the DomainName nodes, the Prefix nodes and the IP nodes.","MATCH (n:AS {asn:2497})-[:ORIGINATE]-(p:Prefix)--(i:IP)-[:RESOLVES_TO]-(:HostName)--(d:DomainName)-[r:RANK]-(:Ranking) WHERE r.rank<10000 RETURN n,p,i,d"
"62.2","Medium general prompt","Find the domain name, IP address, and prefix corresponding to the top 10k domain names hosted by AS2497.","MATCH (n:AS {asn:2497})-[:ORIGINATE]-(p:Prefix)--(i:IP)-[:RESOLVES_TO]-(:HostName)--(d:DomainName)-[r:RANK]-(:Ranking) WHERE r.rank<10000 RETURN n,p,i,d"
"63.1","Medium technical prompt","Find the DomainName nodes that are ranked in the top 10k that resolves to IP addresses that are part of Prefix nodes originated by or depending on the AS node with asn 2497. Return the DomainName nodes, the Prefix nodes and the IP nodes.","MATCH (n:AS {asn:2497})--(p:Prefix)--(i:IP)--(:HostName)--(d:DomainName)-[r:RANK]-(:Ranking) WHERE r.rank<10000 RETURN n,p,i,d"
"63.2","Medium general prompt","Find the domain name, IP address, and prefix corresponding to the top 10k domain names related to AS2497.","MATCH (n:AS {asn:2497})--(p:Prefix)--(i:IP)--(:HostName)--(d:DomainName)-[r:RANK]-(:Ranking) WHERE r.rank<10000 RETURN n,p,i,d"
"64.1","Hard technical prompt","Find AS nodes that peer with both the AS node with asn 2497 and another transit AS. Both PEERS_WITH relationship should have the property rel=1. Retrun the other transit node, its name given by the RIPE NCC, and the number of Ases in common with AS2497.","MATCH (comp:AS)-[:PEERS_WITH {rel:1}]->(customer:AS)<-[:PEERS_WITH {rel:1}]-(iij:AS {asn:2497}) WITH comp, customer OPTIONAL MATCH (comp)-[:NAME {reference_org:'RIPE NCC'}]-(comp_name:Name) RETURN comp, comp_name, count(DISTINCT customer) AS nb_customer ORDER BY nb_customer DESC"
"64.2","Hard general prompt","Find the main competitors of AS2497.","MATCH (comp:AS)-[:PEERS_WITH {rel:1}]->(customer:AS)<-[:PEERS_WITH {rel:1}]-(iij:AS {asn:2497}) WITH comp, customer OPTIONAL MATCH (comp)-[:NAME {reference_org:'RIPE NCC'}]-(comp_name:Name) RETURN comp, comp_name, count(DISTINCT customer) AS nb_customer ORDER BY nb_customer DESC"
"65.1","Medium technical prompt","Find DomainName nodes that have a rank value below 10k and a name ending with '.jp', then the corresponding HostNames, IP address, Prefix, and originating AS. Return the distinct DomainName’s name and correspoding AS's asn.","MATCH (:Ranking)-[r:RANK]-(dn:DomainName)--(:HostName)--(ip:IP)--(pfx:Prefix)-[:ORIGINATE]-(net:AS) WHERE dn.name ENDS WITH '.jp' AND r.rank<10000 RETURN DISTINCT dn.name, net.asn"
"65.2","Medium general prompt","Retrieve the top 10k Japanese domain names and the corresponding ASN of the AS hosting these domains.","MATCH (:Ranking)-[r:RANK]-(dn:DomainName)--(:HostName)--(ip:IP)--(pfx:Prefix)-[:ORIGINATE]-(net:AS) WHERE dn.name ENDS WITH '.jp' AND r.rank<10000 RETURN DISTINCT dn.name, net.asn"
"66.1","Hard technical prompt","Find DomainName with the name property that ends with '.jp' and that are ranked in the top 100k. For these domain names find the corresponding hostnames, IP addresses, prefixes and originating Ases, and the name of Ases given by the 'RIPE NCC'. Return the asn, AS name, and total number of distinct domain names.","MATCH (:Ranking)-[r:RANK]-(dn:DomainName)--(:HostName)--(ip:IP)--(pfx:Prefix)-[:ORIGINATE]-(net:AS) WHERE dn.name ENDS WITH '.jp' AND r.rank<100000 WITH net, dn  OPTIONAL MATCH (net:AS)-[:NAME {reference_org:'RIPE NCC'}]-(net_name:Name) RETURN net.asn, net_name.name, count(DISTINCT dn) AS nb_domain_name ORDER BY nb_domain_name DESC"
"66.2","Hard general prompt","Find Ases hosting '.jp' domain names that are in the top 100k. Return the ASN, name of the AS, and the unique number of corresponding domain names.","MATCH (:Ranking)-[r:RANK]-(dn:DomainName)--(:HostName)--(ip:IP)--(pfx:Prefix)-[:ORIGINATE]-(net:AS) WHERE dn.name ENDS WITH '.jp' AND r.rank<100000 WITH net, dn  OPTIONAL MATCH (net:AS)-[:NAME {reference_org:'RIPE NCC'}]-(net_name:Name) RETURN net.asn, net_name.name, count(DISTINCT dn) AS nb_domain_name ORDER BY nb_domain_name DESC"
"67.1","Easy technical prompt","Find all nodes that are connected to a Name node with a name containing the word 'crimea'.","MATCH (x)--(n:Name) WHERE toLower(n.name) CONTAINS 'crimea' RETURN x"
"67.2","Easy general prompt","Find all nodes that have the word 'crimea' in their name.","MATCH (x)--(n:Name) WHERE toLower(n.name) CONTAINS 'crimea' RETURN x"
"68.1","Medium technical prompt","Find the DomainName nodes that are ranked in the top 1k and are connected to Hostnames which are resolving to IP addresses that are part of Prefixed originating from the AS node with asn 12389. Return the distinct DomainName's name.","MATCH (n:AS {asn:12389})-[:ORIGINATE]-(p:Prefix)--(i:IP)--(:HostName)--(d:DomainName)-[r:RANK]-(:Ranking) WHERE r.rank<1000 RETURN DISTINCT d.name"
"68.2","Medium general prompt","Get the name of top 1k domain names that are hosted by AS12389.","MATCH (n:AS {asn:12389})-[:ORIGINATE]-(p:Prefix)--(i:IP)--(:HostName)--(d:DomainName)-[r:RANK]-(:Ranking) WHERE r.rank<1000 RETURN DISTINCT d.name"
"69.1","Medium technical prompt","Find the DomainName nodes that are ranked in the top 1k and have Prefix nodes depending on the AS node with asn 12389. Return the name of these DomainNames.","MATCH (n:AS {asn:12389})-[:DEPENDS_ON]-(p:Prefix)--(i:IP)--(:HostName)--(d:DomainName)-[r:RANK]-(:Ranking) WHERE r.rank<1000 RETURN DISTINCT d.name"
"69.2","Medium general prompt","Get the name of domain names in the top 1k that depends on AS12389.","MATCH (n:AS {asn:12389})-[:DEPENDS_ON]-(p:Prefix)--(i:IP)--(:HostName)--(d:DomainName)-[r:RANK]-(:Ranking) WHERE r.rank<1000 RETURN DISTINCT d.name"
"70.1","Hard technical prompt","Find DomainName nodes ranked in the top 10k that resolves to IP addresses in prefixes originated by ASes that have the same OpaqueID as the AS node with asn 12389. Return the distinct DomainName’s name and the corresponding AS's asn.","MATCH (oid:OpaqueID)--(net:AS)--(pfx:Prefix)--(ip:IP)--(:HostName)--(dname:DomainName)-[r]-(:Ranking), (net)-[{reference_org:'RIPE NCC'}]-(asname:Name) WHERE (oid:OpaqueID)--(:AS {asn:12389}) AND r.rank < 10000 AND net.asn<>12389 RETURN distinct dname.name, net.asn"
"70.2","Hard general prompt","Get the domain names in the top1k that are hosted by ASes that have the same OpaqueID than AS12389. Retrun disctinct DomainName's name and the corresponding AS's asn.","MATCH (oid:OpaqueID)--(net:AS)--(pfx:Prefix)--(ip:IP)--(:HostName)--(dname:DomainName)-[r]-(:Ranking), (net)-[{reference_org:'RIPE NCC'}]-(asname:Name) WHERE (oid:OpaqueID)--(:AS {asn:12389}) AND r.rank < 10000 AND net.asn<>12389 RETURN distinct dname.name, net.asn"
"71.1","Hard technical prompt","Find Ases that are connected to the same OpaqueID node than AS12389 and the prefixes originated by these ASes. Return the distinct ASes, their name given by the RIPE NCC, and the Country’s country_code.","MATCH (:AS {asn:12389})--(oid:OpaqueID)--(net:AS)-[:ORIGINATE]-(pfx:Prefix)--(cc:Country), (net)-[{reference_org:'RIPE NCC'}]-(asname:Name) WHERE net.asn<>12389 AND cc.country_code <> 'RU' RETURN distinct net.asn, asname.name, cc.country_code"
"71.2","Hard general prompt","Find the prefixes originated by ASes that have the same OpaqueID as AS12389. Return the distinct ASes, their name given by the RIPE NCC, and the prefix’s country code.","MATCH (:AS {asn:12389})--(oid:OpaqueID)--(net:AS)-[:ORIGINATE]-(pfx:Prefix)--(cc:Country), (net)-[{reference_org:'RIPE NCC'}]-(asname:Name) WHERE net.asn<>12389 AND cc.country_code <> 'RU' RETURN distinct net.asn, asname.name, cc.country_code"
"72.1","Easy technical prompt","Find all the IXPs where the AS with asn 12389 is member of and return the distinct IXPs PeeringDB id.","MATCH (n:AS {asn:12389})--(ix:IXP)--(pid:PeeringdbIXID) RETURN pid.id"
"72.2","Easy general prompt","Find all unique IXP peeringdb ids where AS12389 is member of.","MATCH (n:AS {asn:12389})--(ix:IXP)--(pid:PeeringdbIXID) RETURN pid.id"
"73.1","Easy technical prompt","Find all the Country nodes corresponding to the IXP nodes where AS node with asn 12389 is member of. Return only distinct country_code.","MATCH (n:AS {asn:12389})--(ix:IXP)--(cc:Country) RETURN distinct cc.country_code"
"73.2","Easy general prompt","Get the country codes of the IXPs' where AS12389 is member of.","MATCH (n:AS {asn:12389})--(ix:IXP)--(cc:Country) RETURN distinct cc.country_code"
"74.1","Hard technical prompt","Find the Country's country_code of ASes hosting all DomainName with a name that ends with '.ru' and that are ranked in the top 10k. Return the country_code and the corresponding number of distinct DomainName's name.","MATCH (:Ranking)-[r:RANK]-(domain:DomainName)--(:HostName)--(:IP)--(:Prefix)-[:ORIGINATE]-(:AS)-[:COUNTRY]-(cc:Country) WHERE r.rank<10000 AND domain.name ENDS WITH '.ru' RETURN cc.country_code, count(DISTINCT domain.name) AS dm_count ORDER BY dm_count DESC"
"74.2","Hard general prompt","Get the country codes of ASes hosting .ru domain names. Return the country code and corresponding number of unique domain names.","MATCH (:Ranking)-[r:RANK]-(domain:DomainName)--(:HostName)--(:IP)--(:Prefix)-[:ORIGINATE]-(:AS)-[:COUNTRY]-(cc:Country) WHERE r.rank<10000 AND domain.name ENDS WITH '.ru' RETURN cc.country_code, count(DISTINCT domain.name) AS dm_count ORDER BY dm_count DESC"
"75.1","Easy technical prompt","Find the total number of AS in Country with country_code 'JP'.","MATCH (a:AS)-[:COUNTRY]-(:Country {country_code:'JP'}) RETURN COUNT(DISTINCT a)"
"75.2","Easy general prompt","Get the number of ASes in Japan.","MATCH (a:AS)-[:COUNTRY]-(:Country {country_code:'JP'}) RETURN COUNT(DISTINCT a)"
"76.1","Hard technical prompt","Find the AS nodes associated with the country code 'JP' through the COUNTRY relationship. Match these AS nodes to Ranking nodes with a rank below 10 according to the 'ihr.country_dependency' reference_name and for the Ranking in Japan. If available find the names given by BGP.Tools for these ASes. Return the ASNs, their corresponding AS names, and the list of the distinct ranking names, ordered by asn.","MATCH (a:AS)-[:COUNTRY]-(:Country {country_code:'JP'}) MATCH (a:AS)-[ra:RANK {reference_name:'ihr.country_dependency'}]->(r:Ranking)--(:Country {country_code:'JP'}) WHERE ra.rank < 10 OPTIONAL MATCH (a)-[:NAME {reference_org:'BGP.Tools'}]-(n:Name) RETURN DISTINCT a.asn as ASN, n.name AS AS_Name, COLLECT(distinct r.name) as Rankings ORDER BY a.asn"
"76.2","Hard general prompt","Get the japanese ASes that appear in the top 10 of IHR’s rankings in Japan. Return the ASN, AS name according to BGP.Tools, and the list of unique ranking names, ordered by ASN.","MATCH (a:AS)-[:COUNTRY]-(:Country {country_code:'JP'}) MATCH (a:AS)-[ra:RANK {reference_name:'ihr.country_dependency'}]->(r:Ranking)--(:Country {country_code:'JP'}) WHERE ra.rank < 10 OPTIONAL MATCH (a)-[:NAME {reference_org:'BGP.Tools'}]-(n:Name) RETURN DISTINCT a.asn as ASN, n.name AS AS_Name, COLLECT(distinct r.name) as Rankings ORDER BY a.asn"
"77.1","Hard technical prompt","Find the AS nodes associated with the country code 'JP' through the COUNTRY relationship. Match these AS nodes to Ranking nodes with a rank below 10 according to the 'ihr.country_dependency' reference_name and for the Ranking in Japan. Optionally, from these AS nodes find direct dependencies which are other AS nodes that are connected with a PEERS_WITH relationship (with 'rel' equal to 1) and a DEPENDS_ON relationship (with 'hege' greater than 0.03). Ignore self-dependencies. Return the AS nodes, the DEPENDS_ON relationships, and the direct dependency AS nodes.","MATCH (a:AS)-[:COUNTRY]-(:Country {country_code:'JP'}) MATCH (a:AS)-[ra:RANK {reference_name:'ihr.country_dependency'}]->(:Ranking) WHERE ra.rank < 10 OPTIONAL MATCH (a)-[p:PEERS_WITH]-(b), (a)-[d:DEPENDS_ON]->(b) WHERE p.rel = 1 AND d.hege > 0.03 AND a<>b RETURN a, d, b"
"77.2","Hard general prompt","Get the japanese ASes that appear in the top 10 of IHR's rankings in Japan. Then find the direct dependencies of these nodes. Ignore self-dependencies. Return the AS, peering relationship, and depending AS.","MATCH (a:AS)-[:COUNTRY]-(:Country {country_code:'JP'}) MATCH (a:AS)-[ra:RANK {reference_name:'ihr.country_dependency'}]->(:Ranking) WHERE ra.rank < 10 OPTIONAL MATCH (a)-[p:PEERS_WITH]-(b), (a)-[d:DEPENDS_ON]->(b) WHERE p.rel = 1 AND d.hege > 0.03 AND a<>b RETURN a, d, b"
"78.1","Hard technical prompt","Find the AS nodes associated with the country code 'JP' through the COUNTRY relationship. Match these AS nodes to Ranking nodes with a rank below 10 according to the 'ihr.country_dependency' reference_name and for the Ranking in Japan. Find the japanese IXPs where these ASes are member of. Return the distinct ASNs and name of the IXPs.","MATCH (a)-[:COUNTRY {reference_org:'RIPE NCC'}]-(:Country {country_code:'JP'}) MATCH (a:AS)-[ra:RANK {reference_name:'ihr.country_dependency'}]->(:Ranking) WHERE ra.rank <= 10 OPTIONAL MATCH (a)-[m:MEMBER_OF]-(ix:IXP)-[:COUNTRY]-(:Country {country_code:'JP'}) RETURN DISTINCT a.asn, ix.name"
"78.2","Hard general prompt","Get the japanese ASes that appear in the top 10 of IHR’s rankings in Japan. Then find the IXPs where these ASes are member of. Return the distinct ASNs and IXP name.","MATCH (a)-[:COUNTRY {reference_org:'RIPE NCC'}]-(:Country {country_code:'JP'}) MATCH (a:AS)-[ra:RANK {reference_name:'ihr.country_dependency'}]->(:Ranking) WHERE ra.rank <= 10 OPTIONAL MATCH (a)-[m:MEMBER_OF]-(ix:IXP)-[:COUNTRY]-(:Country {country_code:'JP'}) RETURN DISTINCT a.asn, ix.name"
"79.1","Medium technical prompt","Find the DomainName nodes that are ranked in the 'Tranco top 1M' ranking. These DomainName nodes should have over 30 percent of their queries from the country with the country code 'JP'. Return the DomainName name, the rank, and the percentage of queries from Japan, ordered by rank.","MATCH (:Ranking {name: 'Tranco top 1M'})-[ra:RANK]-(dn:DomainName)-[q:QUERIED_FROM]-(c:Country) WHERE q.value > 30 AND c.country_code = 'JP' RETURN dn.name as domain_name, ra.rank as rank, q.value as per_query_JP ORDER BY rank"
"79.2","Medium general prompt","Find domain names for which at least 30 percent of the queries are made in japan. Return the domain name, domain name rank in Tranco, and the percentage of queries made in japan.","MATCH (:Ranking {name: 'Tranco top 1M'})-[ra:RANK]-(dn:DomainName)-[q:QUERIED_FROM]-(c:Country) WHERE q.value > 30 AND c.country_code = 'JP' RETURN dn.name as domain_name, ra.rank as rank, q.value as per_query_JP ORDER BY rank"
"80.1","Medium technical prompt","For the DomainName node with the name 'yahoo.co.jp' find the corresponding Ips, Prefixes, and originating AS. Return the IP’s ip, Prefix’s prefix, and AS's asn.","MATCH p = (dn:DomainName)--(:HostName)--(i:IP)-[:PART_OF]-(pfx:Prefix)-[:ORIGINATE]-(a:AS) WHERE dn.name = 'yahoo.co.jp' RETURN i.ip, pfx.prefix, a.asn"
"80.2","Medium general prompt","Get the IP addresses, prefixes, and ASNs corresponding to yahoo.co.jp.","MATCH p = (dn:DomainName)--(:HostName)--(i:IP)-[:PART_OF]-(pfx:Prefix)-[:ORIGINATE]-(a:AS) WHERE dn.name = 'yahoo.co.jp' RETURN i.ip, pfx.prefix, a.asn"
"81.1","Hard technical prompt","Find the DomainName nodes that are ranked in the 'Tranco top 1M' with a rank below 10,000. These DomainName nodes should have at least 30 percent of their queries from the country with the country code 'JP'. Match these DomainName nodes to HostName nodes that resolve to IP nodes, which are part of Prefix nodes, originating from AS nodes. Return the HostName, IP, Prefix, and AS nodes, along with the RESOLVES_TO, PART_OF, and ORIGINATE relationships.","MATCH (:Ranking {name: 'Tranco top 1M'})-[ra:RANK]-(dn:DomainName)-[q:QUERIED_FROM]-(c:Country) WHERE q.value > 30 AND c.country_code = 'JP' AND ra.rank < 10000= MATCH (dn:DomainName)--(hn:HostName)-[r:RESOLVES_TO]-(ip:IP)-[p:PART_OF]-(pfx:Prefix)-[o:ORIGINATE]-(net:AS) RETURN hn, ip, pfx, net, r, p, o"
"81.2","Hard general prompt","Find domain names for which at least 30 percent of the queries are made in japan. Returns the corresponding hostname, ip, prefix, and originating AS with all their relationships.","MATCH (:Ranking {name: 'Tranco top 1M'})-[ra:RANK]-(dn:DomainName)-[q:QUERIED_FROM]-(c:Country) WHERE q.value > 30 AND c.country_code = 'JP' AND ra.rank < 10000= MATCH (dn:DomainName)--(hn:HostName)-[r:RESOLVES_TO]-(ip:IP)-[p:PART_OF]-(pfx:Prefix)-[o:ORIGINATE]-(net:AS) RETURN hn, ip, pfx, net, r, p, o"
"82.1","Hard technical prompt","Find the DomainName nodes that are ranked in the 'Tranco top 1M' with a rank below 10,000. These DomainName nodes should have at least 30 percent of their queries from the country with the country code 'JP'. Match these DomainName nodes to AuthoritativeNameServer nodes through the MANAGED_BY relationship, which resolve to IP nodes. These IP nodes should be part of Prefix nodes that originate from AS nodes. Return the domain names, the number of distinct AS nodes, and the list of the distinct ASNs, ordered by the number of AS nodes in descending order.","MATCH (:Ranking {name: 'Tranco top 1M'})-[ra:RANK]-(dn:DomainName)-[q:QUERIED_FROM]-(c:Country) WHERE q.value > 30 AND c.country_code = 'JP' AND ra.rank < 10000 MATCH (dn:DomainName)-[:MANAGED_BY]-(:AuthoritativeNameServer)-[:RESOLVES_TO]-(:IP)-[:PART_OF]-(:Prefix)-[:ORIGINATE]-(a:AS) RETURN dn.name, count(DISTINCT a) AS nb_asn, COLLECT(distinct a.asn) ORDER BY nb_asn DESC"
"82.2","Hard general prompt","Find the authoritative name servers of domain names for which at least 30 percent of the queries are made in japan and that are in the top10k of Tranco. For each domain name return the number of ASes hosting authoritative nameservers and the list of unique ASNs.","MATCH (:Ranking {name: 'Tranco top 1M'})-[ra:RANK]-(dn:DomainName)-[q:QUERIED_FROM]-(c:Country) WHERE q.value > 30 AND c.country_code = 'JP' AND ra.rank < 10000 MATCH (dn:DomainName)-[:MANAGED_BY]-(:AuthoritativeNameServer)-[:RESOLVES_TO]-(:IP)-[:PART_OF]-(:Prefix)-[:ORIGINATE]-(a:AS) RETURN dn.name, count(DISTINCT a) AS nb_asn, COLLECT(distinct a.asn) ORDER BY nb_asn DESC"
"83.1","Easy technical prompt","Find the AuthoritativeNameServer nodes that manage the  DomainName node with the name 'dmm.com'. Also find the corresponding IP, Prefix, and originating AS for these AuthoritativeNameServer. Return the IP's ip and AS's asn.","MATCH p = (dn:DomainName)-[:MANAGED_BY]-(ans:AuthoritativeNameServer)-[:RESOLVES_TO]-(ip:IP)-[:PART_OF]-(:Prefix)-[:ORIGINATE]-(a:AS) WHERE dn.name = 'dmm.com' RETURN ip.ip, a.asn"
"83.2","Easy general prompt","Get the IP address and originating ASN for the authoritative DNS name servers managing the domain name dmm.com.","MATCH p = (dn:DomainName)-[:MANAGED_BY]-(ans:AuthoritativeNameServer)-[:RESOLVES_TO]-(ip:IP)-[:PART_OF]-(:Prefix)-[:ORIGINATE]-(a:AS) WHERE dn.name = 'dmm.com' RETURN ip.ip, a.asn"